<?xml version="1.0" encoding="UTF-8"?>
<modification>
	<name>Image in top mneu</name>
	<code>reds-image-in-top-menu</code>
	<version>1.0</version>
	<author>REDS</author>
	<link><![CDATA[https://www.agenciaprai.com/]]></link>
	
	<file path="catalog/controller/common/menu.php">
		<operation error="abort">
			<search><![CDATA[
				$data['categories'] = array();
			]]></search>
			<add position="before"><![CDATA[
				$this->load->model('tool/image');
			]]></add>
		</operation>
		<operation error="abort">
			<search><![CDATA[
				$data['categories'][] = array(
			]]></search>
			<add position="before"><![CDATA[
				if ($category['image']) {
					$data['thumb'] = $this->model_tool_image->resize($category['image'], $this->config->get('theme_' . $this->config->get('config_theme') . '_image_category_width'), $this->config->get('theme_' . $this->config->get('config_theme') . '_image_category_height'));
				} else {
					$data['thumb'] = '';
				}
			]]></add>
		</operation>
		<operation error="abort">
			<search><![CDATA[
				'name'     => $category['name'],
			]]></search>
			<add position="before"><![CDATA[
				'image'    => $data['thumb'],
			]]></add>
		</operation>
	</file>
	
	<file path="catalog/view/theme/*/template/common/menu.twig">
		<operation error="abort">
			<search><![CDATA[
				<li class="dropdown"><a href="{{ category.href }}" class="dropdown-toggle" data-toggle="dropdown">{{ category.name }}</a>
			]]></search>
			<add position="replace"><![CDATA[
				<li class="dropdown"><a href="{{ category.href }}" class="dropdown-toggle" data-toggle="dropdown"><img src="{{ category.image }}" alt="{{ category.name }}">{{ category.name }}</a>
			]]></add>
		</operation>
	</file>
	
</modification>